{
  "timestamp": "2026-03-30T14:00:00",
  "system": "rtx_oom_guard (ResNet50 Real)",
  "oom_errors": 0,
  "restarts": 0,
  "compactions": 12,
  "iteration_times": [
    0.239862,
    0.160873,
    0.154974,
    0.151541,
    0.14223,
    0.150844,
    0.1468,
    0.152153,
    0.149245,
    0.147149,
    0.146699,
    0.153185,
    0.155583,
    0.160918,
    0.157758,
    0.157932,
    0.147617,
    0.148553,
    0.145113,
    0.15675,
    0.145889,
    0.147412,
    0.151679,
    0.157054,
    0.161259,
    0.152746,
    0.151467,
    0.149075,
    0.147908,
    0.14958,
    0.139953,
    0.14973,
    0.137364,
    0.160264,
    0.161441,
    0.152543,
    0.149114,
    0.141791,
    0.140826,
    0.146994,
    0.152553,
    0.139541,
    0.152532,
    0.144977,
    0.153043,
    0.15411,
    0.14756,
    0.152477,
    0.143262,
    0.143108,
    0.145808,
    0.146881,
    0.147137,
    0.158128,
    0.149746,
    0.161655,
    0.15311,
    0.153636,
    0.145494,
    0.15076,
    0.157304,
    0.162747,
    0.15671,
    0.165998,
    0.167877,
    0.164192,
    0.158508,
    0.160273,
    0.156356,
    0.155677,
    0.153898,
    0.143139,
    0.148971,
    0.149574,
    0.156411,
    0.164899,
    0.149607,
    0.153657,
    0.150943,
    0.154608,
    0.149514,
    0.151548,
    0.154502,
    0.15531,
    0.157324,
    0.165181,
    0.15867,
    0.159072,
    0.153718,
    0.158676,
    0.15969,
    0.15314,
    0.154629,
    0.218578,
    0.165516,
    0.167902,
    0.156975,
    0.161537,
    0.148855,
    0.14883,
    0.154432,
    0.158164,
    0.15281,
    0.150792,
    0.15178,
    0.163828,
    0.157463,
    0.158304,
    0.145712,
    0.147763,
    0.145082,
    0.14314,
    0.148446,
    0.148441,
    0.157018,
    0.153,
    0.154573,
    0.156623,
    0.164158,
    0.15988,
    0.157508,
    0.147082,
    0.160934,
    0.153423,
    0.157194,
    0.160364,
    0.163269,
    0.162661,
    0.157231,
    0.154259,
    0.155795,
    0.154688,
    0.15306,
    0.157621,
    0.155895,
    0.159114,
    0.171138,
    0.155946,
    0.155793,
    0.156067,
    0.151053,
    0.154846,
    0.154248,
    0.153123,
    0.158868,
    0.155689,
    0.161736,
    0.158748,
    0.160099,
    0.151433,
    0.172689,
    0.16029,
    0.148689,
    0.142255,
    0.15524,
    0.155387,
    0.166626,
    0.158253,
    0.166887,
    0.160769,
    0.163834,
    0.146875,
    0.160049,
    0.166768,
    0.161234,
    0.156339,
    0.157971,
    0.161505,
    0.145258,
    0.152886,
    0.168828,
    0.219402,
    0.183828,
    0.166493,
    0.156827,
    0.162678,
    0.156524,
    0.152444,
    0.156406,
    0.155448,
    0.152203,
    0.15395,
    0.158602,
    0.158145,
    0.156662,
    0.162193,
    0.156584,
    0.156263,
    0.148346,
    0.150572,
    0.154457,
    0.159971,
    0.16637,
    0.16668,
    0.159159,
    0.15779,
    0.154289,
    0.152916,
    0.162663,
    0.162049,
    0.116992,
    0.108085,
    0.10619,
    0.104704,
    0.10955,
    0.10014,
    0.099214,
    0.098645,
    0.095092,
    0.097383,
    0.097663,
    0.102111,
    0.101379,
    0.095855,
    0.094605,
    0.095456,
    0.088708,
    0.096989,
    0.092446,
    0.097934,
    0.100472,
    0.09804,
    0.098999,
    0.097633,
    0.088469,
    0.094113,
    0.091883,
    0.086255,
    0.088492,
    0.092433,
    0.089836,
    0.092395,
    0.094754,
    0.098824,
    0.097909,
    0.09838,
    0.101725,
    0.101102,
    0.094745,
    0.097098,
    0.096223,
    0.094152,
    0.097672,
    0.089556,
    0.092672,
    0.092571,
    0.08975,
    0.090465,
    0.08911,
    0.096005,
    0.09317,
    0.111298,
    0.153413,
    0.096894,
    0.095796,
    0.090681,
    0.095049,
    0.096319,
    0.087909,
    0.089231,
    0.093264,
    0.091303,
    0.09546,
    0.09763,
    0.09253,
    0.089419,
    0.093367,
    0.091584,
    0.098608,
    0.097605,
    0.089741,
    0.091129,
    0.087236,
    0.096503,
    0.086371,
    0.094075,
    0.085793,
    0.086203,
    0.089216,
    0.08819,
    0.087511,
    0.086616,
    0.09094,
    0.094159,
    0.091687,
    0.092827,
    0.092694,
    0.095724,
    0.093015,
    0.089267,
    0.093445,
    0.091075,
    0.093269,
    0.102574,
    0.090714,
    0.098574,
    0.10203,
    0.099462,
    0.095091,
    0.096755,
    0.097935,
    0.10082,
    0.094206,
    0.098339,
    0.092641,
    0.095472,
    0.097753,
    0.105281,
    0.098927,
    0.089997,
    0.095998,
    0.093537,
    0.089856,
    0.088287,
    0.092829,
    0.093515,
    0.102679,
    0.095897,
    0.097876,
    0.098732,
    0.097712,
    0.095543,
    0.095447,
    0.099318,
    0.098672,
    0.095203,
    0.090875,
    0.093763,
    0.093966,
    0.091238,
    0.089075,
    0.090571,
    0.099436,
    0.103624,
    0.095662,
    0.098165,
    0.100697,
    0.100581,
    0.093153,
    0.094437,
    0.094577,
    0.094162,
    0.099776,
    0.0876,
    0.088933,
    0.088976,
    0.092771,
    0.091572,
    0.092542,
    0.097064,
    0.318328,
    0.27636,
    0.280679,
    0.269348,
    0.280848,
    0.292113,
    0.295699,
    0.297757,
    0.278975,
    0.283261,
    0.279356,
    0.293331,
    0.295292,
    0.286315,
    0.272191,
    0.348939,
    0.291963,
    0.286938,
    0.283998,
    0.289273,
    0.284547,
    0.274224,
    0.285374,
    0.287779,
    0.28304,
    0.280128,
    0.274926,
    0.271195,
    0.280995,
    0.301279,
    0.279409,
    0.278666,
    0.269809,
    0.27804,
    0.279947,
    0.278135,
    0.283584,
    0.264764,
    0.277673,
    0.289585,
    0.290861,
    0.290825,
    0.274799,
    0.261593,
    0.274226,
    0.289989,
    0.282764,
    0.279806,
    0.271943,
    0.261482,
    0.276723,
    0.288939,
    0.281566,
    0.272131,
    0.263285,
    0.274519,
    0.296659,
    0.285077,
    0.286717,
    0.270892,
    0.278371,
    0.279488,
    0.27492,
    0.292386,
    0.292464,
    0.282069,
    0.281808,
    0.316969,
    0.291272,
    0.281,
    0.270999,
    0.270404,
    0.277365,
    0.276373,
    0.288199,
    0.290282,
    0.341399,
    0.26274,
    0.284365,
    0.288433,
    0.289615,
    0.288301,
    0.28461,
    0.27527,
    0.288379,
    0.280413,
    0.278496,
    0.276121,
    0.273981,
    0.275583,
    0.289208,
    0.291811,
    0.273408,
    0.282565,
    0.287324,
    0.282196,
    0.307604,
    0.282839,
    0.277035,
    0.273771,
    0.288287,
    0.297767,
    0.289554,
    0.289151,
    0.276093,
    0.285477,
    0.297146,
    0.294918,
    0.290282,
    0.286492,
    0.274061,
    0.286251,
    0.290658,
    0.284311,
    0.290806,
    0.277321,
    0.275461,
    0.281964,
    0.285622,
    0.290717,
    0.280142,
    0.27779,
    0.269227,
    0.277883,
    0.294971,
    0.291486,
    0.286901,
    0.278606,
    0.279947,
    0.284958,
    0.356589,
    0.27624,
    0.276185,
    0.276062,
    0.282458,
    0.291012,
    0.287686,
    0.285495,
    0.276085,
    0.278463,
    0.282559,
    0.287097,
    0.301598,
    0.281135,
    0.269867,
    0.277353,
    0.27803,
    0.291611,
    0.275503,
    0.278531
  ],
  "peak_memory_mb": 602.18,
  "avg_memory_mb": 538.27,
  "memory_snapshots": [
    {
      "iteration": 0,
      "allocated_mb": 439.01,
      "reserved_mb": 929.68,
      "frag": 0.5278
    },
    {
      "iteration": 10,
      "allocated_mb": 510.57,
      "reserved_mb": 1013.16,
      "frag": 0.4961
    },
    {
      "iteration": 20,
      "allocated_mb": 510.64,
      "reserved_mb": 1013.16,
      "frag": 0.496
    },
    {
      "iteration": 30,
      "allocated_mb": 518.33,
      "reserved_mb": 1025.12,
      "frag": 0.4944
    },
    {
      "iteration": 40,
      "allocated_mb": 518.34,
      "reserved_mb": 1025.12,
      "frag": 0.4944
    },
    {
      "iteration": 50,
      "allocated_mb": 504.29,
      "reserved_mb": 1016.54,
      "frag": 0.5039
    },
    {
      "iteration": 60,
      "allocated_mb": 517.25,
      "reserved_mb": 1028.0,